USD_HE_IS,USD_HE_OOS,EUR_HE_IS,EUR_HE_OOS
0.5688871516086365,0.6125254455485378,0.24735072218873666,0.11580492647315466
